wall_ms,sse,stage
136002,38.73967527143775,construct
153476,36.22914574294796,schedule
155691,28.979897534932483,schedule
156475,28.89442606478696,schedule
157131,28.862883826063566,schedule
157756,28.283773133211948,schedule
159110,28.181934974531583,schedule
159919,27.364725266863292,schedule
160787,27.364691322907447,schedule
161349,27.27530296181379,schedule
161864,27.275296733245064,schedule
162501,25.442680749301257,schedule
163015,25.442671958786384,schedule
163641,24.254153199089544,schedule
164398,24.14169222893623,schedule
164973,24.072816128944506,schedule
165569,24.06963522002849,schedule
166131,24.049169513068847,schedule
166748,23.957930063623724,schedule
167337,23.709468765470568,schedule
167908,23.70816874725429,schedule
168442,23.678920856160158,schedule
169018,23.67655382936894,schedule
169594,23.629077897734877,schedule
170247,23.616650514260147,schedule
170832,23.593323277773173,schedule
171410,23.489769775964906,schedule
171990,23.420900654964118,schedule
172532,23.387378902809157,schedule
172954,23.360443578963114,schedule
173632,23.141420749291044,schedule
174319,23.114006772796014,schedule
175046,22.995074411432693,schedule
175779,22.99506226715104,schedule
176440,22.745911271319482,schedule
177053,22.7459104317763,schedule
177617,22.737166087488607,schedule
178220,22.707145225988327,schedule
178805,22.55197508944926,schedule
179629,22.484518431373445,schedule
180230,22.454919839282073,schedule
180820,22.321176769332453,schedule
181385,22.23878880701839,schedule
181928,22.11450855970331,schedule
182540,22.084403390938903,schedule
183101,22.08330119942186,schedule
183680,22.058400442195403,schedule
184239,22.052369247060295,schedule
184732,22.043673178116656,schedule
185272,22.024985880135304,schedule
185867,21.812236973118488,schedule
186452,21.795055615789376,schedule
187251,21.79415683274209,schedule
187836,21.509124433659274,schedule
188428,21.49840063362531,schedule
188999,21.431244264340453,schedule
189628,21.410829053370115,schedule
190243,21.395243888949754,schedule
190878,21.392306787191156,schedule
191471,21.310900181782028,schedule
192254,21.195701821807763,schedule
192857,21.188091107458654,schedule
193435,21.12654357861418,schedule
194165,20.929867977608115,schedule
194731,20.929188156989976,schedule
195304,20.91998379674404,schedule
195965,20.847047282900693,schedule
196597,20.81956153945985,schedule
197194,20.818332171267155,schedule
197873,20.77414558050256,schedule
199016,20.773122263975836,schedule
199695,20.739091729718684,schedule
200260,20.622721088574934,schedule
201030,20.60027986236185,schedule
201835,20.491851758134942,schedule
202441,20.45807496968171,schedule
203180,20.450699443631954,schedule
203733,20.4329814351344,schedule
204309,20.432248157835723,schedule
204982,20.427329041775327,schedule
205653,20.41662227656268,schedule
206228,20.398676599375907,schedule
206787,20.390090924809446,schedule
207437,20.385807726080117,schedule
208048,20.372876270188428,schedule
208617,20.359959459672943,schedule
209195,20.35860424687739,schedule
210130,20.340111969842336,schedule
210676,20.32839245204042,schedule
211243,20.323711265672028,schedule
211841,20.31546408423666,schedule
212395,20.308745231971738,schedule
212973,20.30548538716494,schedule
213566,20.3012177126207,schedule
214123,20.301217527562535,schedule
214636,20.300596081533694,schedule
215263,20.29663493885596,schedule
215888,20.28080411891426,schedule
216565,20.27780787690149,schedule
217301,20.232221848292944,schedule
217916,20.091031261929825,schedule
218477,20.08592457761481,schedule
219232,20.070041624188775,schedule
219850,20.06731842523414,schedule
220414,20.055839402877137,schedule
220937,20.031337018016742,schedule
221593,19.993731975873754,schedule
222227,19.968678645961546,schedule
222849,19.915734713937322,schedule
223456,19.896467869644184,schedule
224187,19.87243677761152,schedule
224785,19.840687428524294,schedule
225383,19.83923453096394,schedule
225924,19.82212514430449,schedule
226484,19.82099639526653,schedule
227091,19.81993648203639,schedule
227682,19.815893953436234,schedule
228251,19.81340076817364,schedule
228773,19.808394537388494,schedule
229353,19.786585276703015,schedule
229901,19.785718044760777,schedule
230476,19.78346593801914,schedule
230993,19.782604459747645,schedule
231875,19.779364386158488,schedule
232482,19.77822409926129,schedule
233030,19.776178208020557,schedule
233713,19.773431848552907,schedule
234295,19.771909715746876,schedule
234845,19.77010844732455,schedule
235437,19.76940530344749,schedule
236054,19.76414639467035,schedule
236648,19.763020093323906,schedule
237601,19.721877270993154,schedule
238270,19.62582928976797,schedule
238825,19.61913143542043,schedule
239435,19.580716923686907,schedule
240212,19.3627423245525,schedule
240825,19.360009772551074,schedule
241387,19.32370094936128,schedule
242278,19.278971502043266,schedule
243085,19.256929037875075,schedule
243702,19.13067076286978,schedule
244480,19.12687256446515,schedule
245308,19.119636268046886,schedule
245889,19.119199605500487,schedule
246548,19.113173834699662,schedule
247162,19.11307168909243,schedule
247742,19.106232332752526,schedule
248362,19.102585256085966,schedule
248972,19.09413094268327,schedule
249734,19.089373695838223,schedule
250433,19.02824945848702,schedule
251071,19.028104309912802,schedule
251613,19.0227766040289,schedule
252212,19.0211092408397,schedule
252804,19.006445762610145,schedule
253425,19.005287954205375,schedule
254059,18.998134678871235,schedule
254599,18.996021574988813,schedule
255209,18.99523448296694,schedule
255870,18.995042099051215,schedule
256413,18.99200219150801,schedule
256971,18.99175443574002,schedule
257590,18.98615355297315,schedule
258180,18.973601093875764,schedule
258810,18.970970097263223,schedule
259424,18.9709701353882,schedule
260002,18.961483666232706,schedule
260669,18.955826773152587,schedule
261270,18.944196917913384,schedule
261898,18.941578108833898,schedule
262518,18.866983250096908,schedule
263252,18.755340444416998,schedule
263888,18.69668401075464,schedule
264456,18.691554045032028,schedule
264960,18.69133041201456,schedule
265503,18.688585046669523,schedule
266249,18.687092447909876,schedule
266793,18.68023478477741,schedule
267432,18.679887845863096,schedule
267989,18.678596163897748,schedule
268561,18.678062369881197,schedule
269192,18.67763630257325,schedule
269783,18.675059050431575,schedule
270321,18.66394238135195,schedule
270975,18.650779865919603,schedule
272009,18.611641742030084,schedule
273018,18.58407100651673,schedule
273684,18.579483121163015,schedule
274266,18.552712507410845,schedule
274818,18.551554913487852,schedule
275424,18.545275888376647,schedule
276050,18.528869424901217,schedule
276654,18.528013559048354,schedule
277292,18.526241902099454,schedule
277949,18.516929483750154,schedule
278571,18.5069174615384,schedule
279158,18.48763683876302,schedule
279795,18.485250373359104,schedule
280564,18.48080491152761,schedule
281143,18.459278627871136,schedule
281716,18.439088850208297,schedule
282269,18.424395195733794,schedule
282797,18.419608679841346,schedule
283371,18.412047612574636,schedule
283880,18.39440951617269,schedule
284603,18.391148030494133,schedule
285170,18.38476197887347,schedule
285816,18.377484146095696,schedule
286413,18.374260479006537,schedule
286947,18.373989525836112,schedule
287673,18.354772946118146,schedule
288250,18.351961572965287,schedule
288983,18.341246842194323,schedule
289606,18.314150418125294,schedule
290294,18.299080233693246,schedule
290867,18.294892376010317,schedule
291588,18.291516589369984,schedule
292151,18.29115855515212,schedule
292809,18.28403883235982,schedule
293418,18.28341116762527,schedule
293947,18.26859679152604,schedule
294470,18.268316675562414,schedule
295176,18.266207466278463,schedule
295766,18.2651254490235,schedule
296359,18.26377865197791,schedule
296925,18.260196849268066,schedule
297519,18.258790173315173,schedule
298037,18.254296404159074,schedule
298631,18.253908687480184,schedule
299169,18.25296241639325,schedule
299722,18.250728598476915,schedule
300319,18.247652054863007,schedule
300873,18.24441443492803,schedule
301471,18.242984933729023,schedule
302082,18.24154264010073,schedule
302681,18.234349468364503,schedule
303296,18.234076405369052,schedule
303883,18.229938459008572,schedule
304449,18.227980937776632,schedule
305043,18.226540120771894,schedule
305707,18.226003487084085,schedule
333517,16.317262491815228,schedule
347589,16.144096283199588,schedule
439121,16.141787485813246,schedule
440624,16.13327479369035,schedule
441898,16.116884592542988,schedule
442577,16.116884114204918,schedule
443409,16.108004600637734,schedule
443983,16.107214867220573,schedule
444576,16.101825161565596,schedule
445136,16.097852604826873,schedule
445713,16.097164005121392,schedule
446312,16.07741417186464,schedule
446874,16.075996893508492,schedule
447476,16.075666028361464,schedule
448037,16.044479287003764,schedule
448646,16.027035972193566,schedule
449490,16.02017566223296,schedule
450590,16.001954233539948,schedule
451467,16.000445222219085,schedule
452106,15.980125390339769,schedule
452960,15.959870985169324,schedule
453553,15.938216771723056,schedule
454067,15.934761023342556,schedule
454640,15.925130074427699,schedule
455147,15.869108517044502,schedule
455883,15.865391602334588,schedule
456566,15.85521746555431,schedule
457328,15.832234235531415,schedule
458281,15.822892845965763,schedule
458956,15.812587216974052,schedule
459807,15.811603878680042,schedule
460478,15.805339494882105,schedule
461225,15.80117670522441,schedule
461941,15.77953898492257,schedule
462903,15.778736350750872,schedule
463575,15.777380110836475,schedule
464175,15.764697711969443,schedule
464762,15.743804931146691,schedule
465385,15.729328760092404,schedule
466010,15.67342007471975,schedule
466708,15.664789705346003,schedule
467467,15.66375412951895,schedule
468062,15.654247136077284,schedule
468774,15.64882095572251,schedule
469578,15.642512695547126,schedule
470203,15.623716612777404,schedule
470869,15.6214709555991,schedule
471847,15.621265011819975,schedule
472351,15.619544387579385,schedule
472969,15.60660819402252,schedule
473548,15.602209712667502,schedule
474135,15.596095089638592,schedule
474695,15.590601144709474,schedule
475239,15.581893909316365,schedule
475928,15.568939395791082,schedule
476675,15.551956937321185,schedule
477219,15.546951827887865,schedule
477844,15.546638904007374,schedule
478539,15.541488484919235,schedule
479194,15.540243907468394,schedule
479708,15.538801624633859,schedule
480319,15.537041860786164,schedule
480930,15.527686484192579,schedule
481677,15.52595511305293,schedule
482256,15.522583453991498,schedule
482788,15.522006010939062,schedule
483388,15.516484315672873,schedule
483924,15.510550891416553,schedule
484589,15.499666231565303,schedule
485310,15.483936972849438,schedule
485938,15.471465228045837,schedule
486488,15.469263048888411,schedule
486998,15.46690409900199,schedule
487483,15.457932027897066,schedule
487931,15.453923833595333,schedule
488390,15.447367935259754,schedule
488889,15.443549164571317,schedule
489402,15.441357805608414,schedule
489962,15.427645923135154,schedule
490525,15.423296653373002,schedule
491188,15.421056811249038,schedule
491998,15.417172335055938,schedule
492580,15.415439418478059,schedule
493129,15.414461815955598,schedule
493778,15.413744370298943,schedule
494415,15.413123836242654,schedule
495008,15.412264285965886,schedule
495782,15.410124817492399,schedule
496428,15.410051735525835,schedule
497341,15.351939292755466,schedule
498623,15.351503832768282,schedule
499267,15.34589777932901,schedule
499857,15.339925297894206,schedule
500635,15.322005830118824,schedule
501274,15.279005119119253,schedule
501955,15.25438913069589,schedule
502904,15.253275886902026,schedule
503816,15.25304665991087,schedule
504451,15.247079549774705,schedule
505155,15.244974959926084,schedule
505806,15.24244162830213,schedule
506380,15.242441588084892,schedule
506927,15.238886217396415,schedule
507816,15.228782984240171,schedule
508470,15.228520430205135,schedule
509055,15.223567535958987,schedule
509667,15.217058477619746,schedule
510266,15.211847870465585,schedule
510921,15.207372647692525,schedule
511570,15.193587484789324,schedule
512223,15.186244012909802,schedule
512875,15.185815936190998,schedule
513587,15.158321382612538,schedule
514241,15.157793794514927,schedule
514845,15.153632788004288,schedule
515474,15.149044331407506,schedule
516122,15.13343508577574,schedule
516747,15.129211200405308,schedule
517361,15.12417435357619,schedule
517993,15.120788374603366,schedule
518655,15.092165712701794,schedule
519368,15.08530623400239,schedule
519988,15.062117552347527,schedule
520562,15.061708019620532,schedule
521126,15.061632912041494,schedule
521744,15.05935366600835,schedule
522280,15.052731672951927,schedule
522834,15.050877047811403,schedule
523477,15.050520682883613,schedule
524107,15.049987602586116,schedule
524701,15.043301498951942,schedule
525318,15.043291425219815,schedule
525981,15.041521614175673,schedule
527704,15.034450877664108,schedule
528270,15.03253334845307,schedule
528869,15.029601720595748,schedule
529602,15.026682939298395,schedule
530197,15.024676596247284,schedule
530846,15.019519620393448,schedule
531435,15.017909896796443,schedule
532056,15.017417755238474,schedule
532905,15.00703608804916,schedule
533654,15.00486062509802,schedule
534277,14.998746518715937,schedule
534836,14.997202274562788,schedule
535469,14.995766283534305,schedule
536084,14.992016862367064,schedule
536732,14.991621268863323,schedule
537335,14.991595898777174,schedule
538097,14.988624427746057,schedule
538662,14.988612464106819,schedule
539322,14.98832535762293,schedule
539882,14.985264585669832,schedule
540504,14.966251358751787,schedule
541168,14.961783268282222,schedule
541786,14.957730461636693,schedule
542422,14.952688489208953,schedule
543047,14.95084043883728,schedule
543797,14.945796692355486,schedule
544403,14.94539413782212,schedule
544997,14.942233599571782,schedule
545522,14.94204314413674,schedule
546076,14.939779440457873,schedule
546632,14.93721553702824,schedule
547246,14.937139080845629,schedule
547859,14.935271525543829,schedule
548539,14.934840129407185,schedule
549091,14.931458079446408,schedule
549851,14.929517991618084,schedule
550413,14.923713587117842,schedule
551014,14.923036325407935,schedule
551647,14.922727896437571,schedule
552238,14.922063779890099,schedule
552896,14.921854953648896,schedule
553474,14.907513161902877,schedule
554010,14.904402053442517,schedule
554615,14.90439875108071,schedule
555319,14.866949789622765,schedule
555852,14.864789030822617,schedule
556424,14.863749050827014,schedule
556958,14.851760362210822,schedule
557508,14.845074863074093,schedule
558013,14.845074419163304,schedule
558617,14.834629072342324,schedule
559272,14.833480095100615,schedule
559999,14.833314675095373,schedule
560573,14.83090155963459,schedule
561163,14.830026163132569,schedule
561651,14.829606259312872,schedule
562235,14.827951102597702,schedule
562762,14.824131827470584,schedule
563248,14.816187339196244,schedule
563776,14.809430008548562,schedule
564230,14.801717752934136,schedule
564829,14.801209904147065,schedule
565564,14.79595316674585,schedule
566123,14.795543624925422,schedule
566758,14.793408473130807,schedule
567424,14.777502452927745,schedule
568033,14.775811649712558,schedule
568542,14.774188834894417,schedule
569209,14.768190221783478,schedule
570008,14.764156795445203,schedule
570593,14.760696571053591,schedule
571133,14.760497105047433,schedule
571710,14.75459848712104,schedule
572255,14.752759110781795,schedule
572903,14.751179352902625,schedule
573489,14.751168351906966,schedule
574095,14.751001334401165,schedule
574630,14.750460231695511,schedule
575288,14.74892363208887,schedule
575883,14.746857403449624,schedule
576490,14.746826466781256,schedule
577030,14.746414002037683,schedule
577666,14.744412421665604,schedule
578495,14.739563763772246,schedule
579039,14.737438995187635,schedule
579701,14.73545261189291,schedule
580304,14.734327898470436,schedule
580944,14.73307514413592,schedule
581585,14.732199518531617,schedule
582122,14.730053236580869,schedule
582732,14.729475516633762,schedule
583489,14.729017212947003,schedule
584109,14.724695953742875,schedule
584700,14.724092689222191,schedule
585321,14.7217043481148,schedule
585866,14.71908199131468,schedule
586469,14.717968122256716,schedule
586981,14.717402624660023,schedule
587690,14.713316663995135,schedule
588261,14.711740731055686,schedule
588841,14.711431199670752,schedule
622771,14.444077221941571,schedule
637013,14.313917730704917,schedule
637721,14.305125304413638,schedule
640286,14.304648043169392,schedule
640888,14.303478368242962,schedule
641500,14.301462819790581,schedule
642161,14.3012821071783,schedule
642769,14.295408609863854,schedule
643322,14.293746179498639,schedule
643828,14.286480864860847,schedule
644448,14.284813463273425,schedule
645175,14.279853118658666,schedule
646496,14.26854417487412,schedule
647406,14.268058213502377,schedule
648193,14.264292613341667,schedule
648742,14.262295514800192,schedule
649595,14.257422258534051,schedule
650410,14.255174518206543,schedule
651090,14.25139349007535,schedule
652251,14.251207809200123,schedule
653061,14.24775491327515,schedule
654327,14.24744913993147,schedule
655431,14.244870573370095,schedule
656107,14.229858941168187,schedule
657115,14.223951158811312,schedule
657760,14.219733781833833,schedule
658394,14.216688127570892,schedule
659262,14.206772911367342,schedule
659910,14.205578701942926,schedule
661075,14.19753886803197,schedule
661678,14.190725741900774,schedule
662271,14.179840299559626,schedule
663035,14.161714736032724,schedule
663618,14.160098941205913,schedule
664338,14.156442730282116,schedule
665316,14.156037450888633,schedule
666006,14.152933859037933,schedule
666589,14.151346697847973,schedule
667248,14.142749371591428,schedule
668052,14.14023189406534,schedule
668709,14.134549519476352,schedule
669420,14.127758193779119,schedule
670042,14.123389861252829,schedule
670675,14.113013277282121,schedule
671310,14.110052173317523,schedule
671960,14.108468437152492,schedule
672719,14.10817685089939,schedule
673328,14.108133967562175,schedule
673957,14.108046913654547,schedule
674626,14.10795472481944,schedule
675284,14.106616355690115,schedule
676107,14.105425407359078,schedule
676752,14.105158205560514,schedule
677709,14.063870997729733,schedule
678956,14.063499219256798,schedule
679608,14.063046138827946,schedule
680434,14.052032453918041,schedule
682022,14.051807015985663,schedule
682652,14.049526357864696,schedule
683239,14.048527277614294,schedule
683926,14.04827526266478,schedule
684537,14.048250439400512,schedule
685208,14.048153468224841,schedule
685901,14.03410111843428,schedule
686451,14.03235761327277,schedule
687195,14.026561626530038,schedule
687840,14.013457019957622,schedule
688502,14.0035960807748,schedule
689175,13.993366892928359,schedule
689797,13.989206205369385,schedule
690405,13.988971236287538,schedule
691138,13.98843052788933,schedule
691837,13.986218271206214,schedule
692465,13.983532431665756,schedule
693092,13.983184262765155,schedule
693737,13.966025838110474,schedule
694399,13.96339632590601,schedule
695047,13.959304551365005,schedule
695633,13.958609639663539,schedule
696613,13.955104804587952,schedule
697225,13.954633039217834,schedule
697757,13.953965404200419,schedule
698438,13.953411303186902,schedule
699048,13.949723669062033,schedule
699723,13.949108601878544,schedule
700384,13.948706439397013,schedule
700984,13.946987885339956,schedule
701749,13.94479724724786,schedule
703515,13.944041063063276,schedule
704286,13.943460618322709,schedule
704880,13.940954759295375,schedule
705534,13.937507832560291,schedule
706185,13.933781340589368,schedule
707088,13.93317271969414,schedule
707905,13.932453264315564,schedule
708475,13.927522794800181,schedule
709007,13.926518525061423,schedule
709632,13.925434913006773,schedule
710201,13.92253914314625,schedule
710785,13.922281493318398,schedule
711694,13.922243630624152,schedule
712504,13.90551453278417,schedule
713200,13.89826666620932,schedule
713853,13.894619726455254,schedule
714562,13.88907677365997,schedule
715177,13.88735504802478,schedule
715831,13.887104022340933,schedule
716489,13.886718395251934,schedule
717203,13.88559251906843,schedule
717866,13.882853569329777,schedule
718544,13.882200477931514,schedule
719189,13.881560338184459,schedule
719863,13.879300101150337,schedule
720585,13.877672249352603,schedule
721441,13.87582732227754,schedule
722071,13.865331307320954,schedule
722723,13.861334968997298,schedule
723276,13.85796224326879,schedule
723866,13.85777804563227,schedule
724475,13.857597125902924,schedule
725068,13.857594366578791,schedule
725601,13.855845584625316,schedule
726197,13.855834784822168,schedule
726867,13.849358461525787,schedule
727448,13.84899235916127,schedule
727976,13.847514089599029,schedule
728615,13.841867141510905,schedule
729218,13.840040215465477,schedule
730027,13.830574929941926,schedule
730649,13.829268771892975,schedule
731511,13.828072837630925,schedule
732279,13.827341453417771,schedule
732819,13.827340818520026,schedule
733529,13.824696620613263,schedule
734096,13.822677827341119,schedule
734854,13.822374985996516,schedule
735421,13.82201877915419,schedule
736006,13.816652486846737,schedule
736722,13.814373514169146,schedule
737283,13.81393114479445,schedule
737823,13.813018798975728,schedule
738493,13.812642759034759,schedule
739150,13.81132012344416,schedule
739726,13.809763907066296,schedule
740282,13.808614781473233,schedule
740996,13.807612470868408,schedule
741589,13.807581337717876,schedule
742188,13.806366125753753,schedule
742814,13.805162203489521,schedule
743334,13.803112173821239,schedule
743930,13.803080915811206,schedule
744574,13.803062670075283,schedule
745134,13.802741919914224,schedule
745788,13.801419201560682,schedule
746377,13.801360056457188,schedule
746901,13.801190606238709,schedule
747559,13.796868427022247,schedule
748103,13.796262526213237,schedule
748622,13.796003182415701,schedule
749131,13.794922822273117,schedule
749798,13.79408481392109,schedule
750375,13.791394652568648,schedule
750926,13.788629378146126,schedule
751551,13.787779052309943,schedule
752119,13.787765481771709,schedule
752738,13.787071356412785,schedule
753382,13.787042791905602,schedule
754141,13.786686339752745,schedule
755202,13.785939187526193,schedule
755775,13.783896679191034,schedule
756375,13.783812746948668,schedule
757213,13.783763220720084,schedule
757837,13.782135668535647,schedule
758452,13.780960063331433,schedule
758989,13.779540006507425,schedule
759698,13.778496135551775,schedule
760264,13.777444880957185,schedule
760926,13.771146170277811,schedule
761499,13.76755205011519,schedule
762150,13.765387561824124,schedule
763885,13.760470878225556,schedule
764385,13.760285843540887,schedule
764951,13.759862600994486,schedule
765608,13.758231428038622,schedule
766267,13.757996788331232,schedule
766852,13.757349980429028,schedule
767376,13.757349933254508,schedule
767911,13.752308648768112,schedule
768509,13.751594057726836,schedule
769149,13.75147849621851,schedule
769618,13.751143860247614,schedule
770287,13.731133726277953,schedule
770930,13.730809027534725,schedule
771520,13.72447212623948,schedule
772191,13.71614482315761,schedule
772852,13.71342913779323,schedule
773521,13.707534497723103,schedule
774057,13.706712598900989,schedule
774652,13.704765326787332,schedule
775297,13.702220286480115,schedule
775972,13.696855825199863,schedule
776703,13.695440861902297,schedule
777359,13.694888728327784,schedule
777995,13.69343957632499,schedule
778596,13.69301256067788,schedule
779236,13.69254420243479,schedule
779938,13.69087682298069,schedule
780515,13.689338692186197,schedule
781097,13.689287541662482,schedule
781742,13.68353644623141,schedule
782435,13.673301102322062,schedule
783034,13.670621745746491,schedule
783769,13.670150968452813,schedule
784408,13.669885466623413,schedule
784998,13.661554326149247,schedule
785584,13.659429113139641,schedule
786241,13.657336347009135,schedule
786848,13.65733624503649,schedule
787412,13.654730120864125,schedule
814190,13.074615961538079,schedule
829395,12.925868754437772,schedule
920351,12.918645179803057,schedule
922553,12.9186447983834,schedule
923381,12.91848708257237,schedule
924274,12.918010666773064,schedule
924891,12.917503647951218,schedule
925532,12.915942320855624,schedule
926587,12.914150860481303,schedule
928157,12.908949391690697,schedule
929106,12.907854248050231,schedule
929774,12.90633847799749,schedule
930815,12.904095228968096,schedule
931684,12.902917810046866,schedule
932392,12.893562115313696,schedule
933438,12.893500412010123,schedule
934496,12.888571259068407,schedule
935538,12.888486464508798,schedule
936475,12.88670853456086,schedule
937240,12.88527022730965,schedule
937949,12.880890700901423,schedule
938852,12.880595906851775,schedule
939726,12.877341887466345,schedule
940720,12.86632491328446,schedule
941366,12.864786686381208,schedule
942607,12.856013408401575,schedule
943292,12.849823283951538,schedule
943911,12.849767817850994,schedule
944527,12.848941760421614,schedule
945215,12.847370152143663,schedule
946090,12.846654687579841,schedule
946815,12.844800010034389,schedule
947447,12.842914652204167,schedule
948117,12.841688803609154,schedule
948686,12.839853629590753,schedule
949410,12.833202389267068,schedule
950043,12.831038563022062,schedule
950717,12.83082595419911,schedule
951311,12.818709885907904,schedule
952190,12.815418939015,schedule
952780,12.811554767950867,schedule
953501,12.810071233989326,schedule
954312,12.80889770128725,schedule
954911,12.804183237820386,schedule
955510,12.801906489182898,schedule
956068,12.80127922090583,schedule
956673,12.796055785124647,schedule
957400,12.792629284506486,schedule
957987,12.792282464514969,schedule
958541,12.79185383713687,schedule
959071,12.791480386127144,schedule
959608,12.791446840084976,schedule
960422,12.776170478594587,schedule
961041,12.73699429729881,schedule
962285,12.731891305064398,schedule
963484,12.689969861335108,schedule
964339,12.689792301037347,schedule
964879,12.68836297677841,schedule
965415,12.687666865582294,schedule
966009,12.684086021699706,schedule
966659,12.683834740501009,schedule
967298,12.681755155708277,schedule
967865,12.680877999450932,schedule
968429,12.678746788839835,schedule
968998,12.67659575316069,schedule
969804,12.675144943103298,schedule
970456,12.674564770424531,schedule
971021,12.673927734575877,schedule
971655,12.662220045713685,schedule
972255,12.657903190702068,schedule
972924,12.657780784640162,schedule
973622,12.657373939919678,schedule
974205,12.65455636201719,schedule
974763,12.651112245966976,schedule
975297,12.650206394839314,schedule
975871,12.634769684458702,schedule
976464,12.632551406427359,schedule
977050,12.62994021209159,schedule
977872,12.629894357754019,schedule
978608,12.626699162447512,schedule
979226,12.626409634497293,schedule
979878,12.625930061061556,schedule
980415,12.625423075407102,schedule
981052,12.62510836906381,schedule
981668,12.624958580603874,schedule
982316,12.62434250927808,schedule
983112,12.620822213969195,schedule
984861,12.620110952920506,schedule
985752,12.619372312711487,schedule
986474,12.617551699000497,schedule
987151,12.614496796445877,schedule
987779,12.612828594279764,schedule
988793,12.603454592208816,schedule
989449,12.602330372121145,schedule
990166,12.601423684457123,schedule
990797,12.601391457244127,schedule
991579,12.600612247834501,schedule
992172,12.599819113901333,schedule
992875,12.584702146971669,schedule
993525,12.572648519638978,schedule
994314,12.566241349296828,schedule
994948,12.565201540148276,schedule
995702,12.562994282558428,schedule
996245,12.562648836989855,schedule
996797,12.559480038231047,schedule
997382,12.55896923274458,schedule
997961,12.558954734920666,schedule
998527,12.558689388358497,schedule
999093,12.558057316518148,schedule
999870,12.556601914493033,schedule
1000499,12.556182861209004,schedule
1001019,12.554702382837661,schedule
1001610,12.55303055847239,schedule
1002181,12.552407140221062,schedule
1003066,12.550873466156387,schedule
1003654,12.546784685495107,schedule
1004312,12.545777750322104,schedule
1005003,12.542786657069923,schedule
1005683,12.542494195659314,schedule
1006301,12.542160612298934,schedule
1006883,12.54189939496078,schedule
1007655,12.541717749943192,schedule
1008434,12.536811804935642,schedule
1009051,12.536610515211517,schedule
1009801,12.530480542832358,schedule
1010577,12.530081568299073,schedule
1011445,12.529998903155816,schedule
1012046,12.528976045272602,schedule
1012549,12.52866113461611,schedule
1013410,12.528054337938007,schedule
1014187,12.525787837261365,schedule
1014756,12.5243593400276,schedule
1015451,12.524307746337021,schedule
1016025,12.524112874990903,schedule
1016579,12.52387595287215,schedule
1017423,12.523318621505972,schedule
1018029,12.522784815520714,schedule
1018807,12.520627550180084,schedule
1019708,12.51729762611735,schedule
1020350,12.517208535005254,schedule
1020953,12.51628081770563,schedule
1021580,12.516011015175556,schedule
1022163,12.515472507545335,schedule
1022696,12.515011026231404,schedule
1023494,12.514187656417944,schedule
1024091,12.513622529372833,schedule
1024693,12.512955352075638,schedule
1025382,12.512852481592502,schedule
1026148,12.511315534358047,schedule
1026735,12.511132085787427,schedule
1027343,12.508974718679319,schedule
1027964,12.507410991450953,schedule
1028630,12.505412862217167,schedule
1029195,12.505069957249159,schedule
1029738,12.504620863139905,schedule
1030349,12.50462077030327,schedule
1031064,12.504493262344248,schedule
1031834,12.504361473237498,schedule
1032462,12.503924609357533,schedule
1033455,12.503173526668597,schedule
1034112,12.501296586645145,schedule
1034725,12.501101043863635,schedule
1035461,12.499285552611429,schedule
1036015,12.499091297224812,schedule
1036750,12.499084880654351,schedule
1037310,12.497933399284356,schedule
1037989,12.497219686730237,schedule
1038626,12.495127602461295,schedule
1039222,12.49111983814945,schedule
1039883,12.48928236341952,schedule
1041734,12.488381168588226,schedule
1042306,12.488119632475797,schedule
1042913,12.487412352119321,schedule
1043568,12.486873315571422,schedule
1044289,12.484293305076942,schedule
1044887,12.478686328394549,schedule
1045470,12.478419377208233,schedule
1046080,12.477720325849052,schedule
1046769,12.477518837985492,schedule
1047588,12.477206332029226,schedule
1048445,12.475108533518323,schedule
1049050,12.47491466808274,schedule
1049853,12.471353576531156,schedule
1050553,12.470590055845399,schedule
1051231,12.46991412665048,schedule
1051827,12.468032274659283,schedule
1052427,12.467710927192371,schedule
1053061,12.467456404820204,schedule
1053600,12.467271967867006,schedule
1054162,12.466949207670417,schedule
1054795,12.465790366634456,schedule
1055401,12.465759371316546,schedule
1056367,12.465030149629916,schedule
1057046,12.464085136608878,schedule
1057725,12.462810991730718,schedule
1058337,12.451135224766434,schedule
1058933,12.449878746826473,schedule
1059653,12.448518747631569,schedule
1060389,12.448400942467583,schedule
1061100,12.443449683618507,schedule
1061667,12.431167424664675,schedule
1062444,12.429968867924796,schedule
1063126,12.427809063563327,schedule
1063736,12.421895378092913,schedule
1064485,12.417377071876988,schedule
1064999,12.416512554771057,schedule
1065508,12.415395547132835,schedule
1066107,12.414872167509355,schedule
1066656,12.412127028471847,schedule
1067228,12.40906434744791,schedule
1067767,12.407164882002927,schedule
1068330,12.405951145421618,schedule
1068992,12.405836962119697,schedule
1069699,12.388756005734304,schedule
1100339,12.251173345605821,schedule
1114782,12.236343197683581,schedule
1117431,12.23602689319685,schedule
1118219,12.235121002716948,schedule
1118807,12.235079940708555,schedule
1119506,12.235077849766878,schedule
1120584,12.234758336602315,schedule
1123234,12.233676188759937,schedule
1124059,12.230949058943168,schedule
1125392,12.230722137160715,schedule
1126946,12.230550495901749,schedule
1127778,12.230390097245259,schedule
1128653,12.228105971435529,schedule
1129833,12.227405511783996,schedule
1130866,12.22306377012087,schedule
1131564,12.222655412245237,schedule
1132634,12.222615682190492,schedule
1133453,12.220386933686315,schedule
1134093,12.215861619333955,schedule
1134661,12.215834152957845,schedule
1135280,12.215468968742046,schedule
1136004,12.21447096677954,schedule
1136783,12.214177120371751,schedule
1137497,12.214142252329196,schedule
1138046,12.21231670986533,schedule
1138626,12.212108931314873,schedule
1139321,12.21136370333571,schedule
1140094,12.208019197659956,schedule
1140894,12.207486160138108,schedule
1141727,12.206385593741773,schedule
1142355,12.203727494585097,schedule
1142871,12.202493370042387,schedule
1143435,12.20242178761372,schedule
1144056,12.201815267669534,schedule
1144730,12.200643277049847,schedule
1145373,12.200422262608566,schedule
1145987,12.198968947898983,schedule
1146642,12.197944429995434,schedule
1147263,12.19791317685473,schedule
1147924,12.19182829565733,schedule
1148541,12.191223369589991,schedule
1149147,12.189610074790735,schedule
1149814,12.189155108448862,schedule
1150430,12.189124094762716,schedule
1151980,12.188765558134302,schedule
1152963,12.185261810981105,schedule
1154584,12.18512726216151,schedule
1155188,12.184807432739179,schedule
1155941,12.183490203828208,schedule
1156701,12.182481022533954,schedule
1157622,12.182255044303362,schedule
1158461,12.177879919652744,schedule
1159296,12.169767936660845,schedule
1159929,12.166197927552945,schedule
1160648,12.16615027051311,schedule
1161429,12.165853595904537,schedule
1162032,12.164381145318245,schedule
1162627,12.163766023989925,schedule
1163263,12.16310961739524,schedule
1163857,12.156829036350455,schedule
1164507,12.1551070959873,schedule
1165568,12.154880190397549,schedule
1166373,12.15480912069637,schedule
1167117,12.154402566423759,schedule
1167755,12.154157241272955,schedule
1168316,12.153279543227246,schedule
1169111,12.1521402708542,schedule
1169737,12.152136589655399,schedule
1170325,12.150002600029996,schedule
1171028,12.146008575431404,schedule
1172855,12.145806350924639,schedule
1173467,12.145333115272,schedule
1174403,12.14346161032527,schedule
1175012,12.141984459072356,schedule
1175615,12.14143933640292,schedule
1176538,12.141391535870286,schedule
1177280,12.14069338601898,schedule
1178074,12.140688703555286,schedule
1178840,12.140254165427363,schedule
1179420,12.140148371040942,schedule
1180092,12.139827491841276,schedule
1180648,12.12915690165555,schedule
1181499,12.126605120439864,schedule
1182236,12.125105204206621,schedule
1182786,12.12391179637669,schedule
1183310,12.122338642313233,schedule
1183860,12.120725307761676,schedule
1184366,12.118886607773137,schedule
1184892,12.118713538982655,schedule
1185413,12.118119303012735,schedule
1186038,12.117168493822382,schedule
1186590,12.116364806912614,schedule
1187149,12.116299535244625,schedule
1187702,12.115738624713648,schedule
1188444,12.115513725980437,schedule
1189075,12.113518475037795,schedule
1189828,12.112924153690296,schedule
1190415,12.110092315251565,schedule
1191278,12.109829394462848,schedule
1192100,12.109545054341206,schedule
1192776,12.109178205218244,schedule
1193434,12.105032188336368,schedule
1194244,12.101292645068648,schedule
1195051,12.100491107155488,schedule
1195785,12.100134836782878,schedule
1196400,12.099371722621886,schedule
1197122,12.098941537200254,schedule
1197803,12.098795667468224,schedule
1198585,12.096978883891923,schedule
1199366,12.096970986849149,schedule
1199955,12.096448657486542,schedule
1200547,12.095890249263741,schedule
1201335,12.094013170588758,schedule
1201930,12.091752569021581,schedule
1202496,12.09091086785166,schedule
1203106,12.090835505626899,schedule
1203867,12.090667377217027,schedule
1204485,12.090077935768374,schedule
1205244,12.089951191106405,schedule
1205895,12.085987893920734,schedule
1206453,12.08438958615601,schedule
1207073,12.08098127805112,schedule
1207737,12.080977153001259,schedule
1208474,12.080174367325043,schedule
1209059,12.080019762819145,schedule
1209648,12.079560047991222,schedule
1210279,12.07859869456276,schedule
1210909,12.077051321338658,schedule
1211551,12.076670206041594,schedule
1212144,12.075507005960155,schedule
1212728,12.07550705080691,schedule
1213319,12.075152945962282,schedule
1213942,12.075117553383457,schedule
1214716,12.074893593817244,schedule
1215601,12.074677801295707,schedule
1216167,12.074064671574156,schedule
1216834,12.072893110965538,schedule
1217402,12.072796347993572,schedule
1218244,12.072312456678782,schedule
1219014,12.071703313413883,schedule
1219627,12.071314036946214,schedule
1220265,12.070533101920338,schedule
1220940,12.068143535365293,schedule
1221526,12.068143368019726,schedule
1222097,12.067597582112729,schedule
1222714,12.067163534341597,schedule
1223203,12.066032556876172,schedule
1225026,12.065986776266046,schedule
1225715,12.064147193830438,schedule
1226354,12.063159150198649,schedule
1226891,12.062043520553479,schedule
1227468,12.06138149083712,schedule
1228059,12.057775234498772,schedule
1228649,12.057775140006674,schedule
1229205,12.052703000468556,schedule
1229832,12.052543890703678,schedule
1230362,12.0524499571243,schedule
1231050,12.052425140105651,schedule
1232274,12.050231131003946,schedule
1232898,12.049859096161475,schedule
1233485,12.049120493734716,schedule
1234080,12.04879710339592,schedule
1234730,12.047226104238174,schedule
1235517,12.04715384590276,schedule
1236154,12.046370037451336,schedule
1236754,12.04472884481742,schedule
1237428,12.044083107560336,schedule
1238051,12.044027660877912,schedule
1238894,12.01117270057161,schedule
1239754,12.010708868192271,schedule
1240399,12.010103599940038,schedule
1241062,12.009587432882068,schedule
1241686,12.004195600982627,schedule
1242462,12.003250435036893,schedule
1243119,12.00268783720099,schedule
1243728,12.002670671189398,schedule
1244771,11.999800832502759,schedule
1245420,11.998071872666307,schedule
1246043,11.995932240760881,schedule
1246702,11.995000294332536,schedule
1247319,11.99181979236162,schedule
1247934,11.988054422916685,schedule
1248550,11.987156003178676,schedule
1249158,11.986892512942159,schedule
1250250,11.971071683994587,schedule
1250996,11.969721414059572,schedule
1251657,11.969257408099923,schedule
1252171,11.966278972191647,schedule
1252736,11.960773807737967,schedule
1253359,11.96038931801772,schedule
1253937,11.956992522577021,schedule
1254515,11.95285087840828,schedule
1255121,11.951913789962697,schedule
1255715,11.951435592826874,schedule
1256257,11.95099291235818,schedule
1256848,11.950366834465605,schedule
1257429,11.94861440555038,schedule
1257975,11.948583377921569,schedule
1258551,11.948583329849644,schedule
1259236,11.947931806302927,schedule
1259960,11.947616592106042,schedule
1260532,11.947482388626854,schedule
1261304,11.946145467590709,schedule
1261929,11.943816845910758,schedule
1262550,11.942075561689004,schedule
1263215,11.941096049444164,schedule
1263844,11.94108024549306,schedule
1264522,11.940741335868859,schedule
1265172,11.940527112779014,schedule
1295544,11.221480393457517,schedule
1312046,10.982142150675406,schedule
1403244,10.980960295219669,schedule
1405870,10.980860002767814,schedule
1406721,10.980326465390585,schedule
1407924,10.980226093241162,schedule
1410573,10.97899930906423,schedule
1412142,10.9788869546558,schedule
1413677,10.978792086719283,schedule
1414887,10.978758112270182,schedule
1415796,10.978376379409468,schedule
1416992,10.9780205939177,schedule
1417655,10.977762593792658,schedule
1418677,10.977741170690347,schedule
1419576,10.974127672091186,schedule
1420249,10.973870113292133,schedule
1421058,10.972771617233175,schedule
1422645,10.970354719766128,schedule
1423483,10.96968461119414,schedule
1424317,10.967364110304132,schedule
1424879,10.96595651723798,schedule
1425734,10.965240715205804,schedule
1426485,10.963950821414148,schedule
1427105,10.961929946274395,schedule
1427777,10.961179921331375,schedule
1428447,10.955290877964398,schedule
1429140,10.953942121536855,schedule
1429761,10.953869734809977,schedule
1430441,10.953857396376891,schedule
1431847,10.908049669655261,schedule
1432662,10.908038997665889,schedule
1433666,10.905042113294575,schedule
1435306,10.90495626536791,schedule
1436032,10.904370219984786,schedule
1436703,10.903342647060592,schedule
1437429,10.903087455426993,schedule
1438284,10.902925641316454,schedule
1439110,10.901928069084175,schedule
1439735,10.900386426012869,schedule
1440634,10.8958427585289,schedule
1441277,10.893616666859145,schedule
1442020,10.893543168009078,schedule
1442877,10.893538300694765,schedule
1443552,10.892452017580464,schedule
1444287,10.89080568098089,schedule
1445010,10.888760695422619,schedule
1445620,10.886964795728431,schedule
1446316,10.886479404860735,schedule
1447363,10.885517173007946,schedule
1447935,10.88549028902795,schedule
1448597,10.885326327110745,schedule
1449274,10.884696953395386,schedule
1449935,10.884576480198168,schedule
1450525,10.884477617891918,schedule
1451039,10.884376554593953,schedule
1451707,10.884208103654515,schedule
1452324,10.884200617286208,schedule
1453058,10.880552013916057,schedule
1454792,10.879537083141075,schedule
1455770,10.878801685553453,schedule
1456392,10.877874722905052,schedule
1457054,10.877222614136256,schedule
1457835,10.876629667560492,schedule
1458680,10.87662835764535,schedule
1459291,10.876065376373093,schedule
1460018,10.87606312275111,schedule
1460600,10.876041236648419,schedule
1461442,10.875609366504097,schedule
1462387,10.868425410755577,schedule
1463109,10.86599811305093,schedule
1463749,10.865718916044408,schedule
1464585,10.865555218936084,schedule
1465147,10.86504043172396,schedule
1466165,10.862416661558575,schedule
1466890,10.862144295388982,schedule
1467751,10.860261969467798,schedule
1468338,10.85906314673745,schedule
1468991,10.858638786115629,schedule
1469630,10.855305773332576,schedule
1470471,10.855101325837587,schedule
1471241,10.854712749310242,schedule
1472010,10.8530200280439,schedule
1472616,10.852554893030316,schedule
1473344,10.849877337706019,schedule
1474088,10.848561331816398,schedule
1474875,10.848480255713909,schedule
1475463,10.848261373762952,schedule
1476303,10.848114407361827,schedule
1477138,10.84700914732056,schedule
1478398,10.84448126341838,schedule
1478952,10.844370242433394,schedule
1479452,10.843611727206957,schedule
1480305,10.843364486500146,schedule
1481049,10.842985797012272,schedule
1481809,10.842753978373793,schedule
1482451,10.842464007558718,schedule
1483093,10.83800156469379,schedule
1483762,10.836977545587093,schedule
1484363,10.835335217010797,schedule
1485076,10.835333785508752,schedule
1485894,10.83501038750725,schedule
1486617,10.833793387970331,schedule
1487249,10.833085407550907,schedule
1487855,10.832691506280181,schedule
1488482,10.832394175149389,schedule
1489110,10.831230567232014,schedule
1489711,10.831147524289452,schedule
1490453,10.831107175506833,schedule
1491072,10.83075068976611,schedule
1491879,10.828753213932789,schedule
1492813,10.828636625536447,schedule
1493677,10.828249441167973,schedule
1494307,10.8282474071985,schedule
1494973,10.828153888003758,schedule
1495579,10.82781454919854,schedule
1496228,10.827693306346973,schedule
1496904,10.826228920328717,schedule
1497552,10.825421333782744,schedule
1498209,10.82510328886168,schedule
1500089,10.824123181845495,schedule
1500698,10.823887193331965,schedule
1501442,10.82348270131891,schedule
1501986,10.822830997423315,schedule
1502539,10.822211837619,schedule
1503199,10.819553478376017,schedule
1503747,10.816777694555107,schedule
1504380,10.810861978755145,schedule
1505221,10.810828439517579,schedule
1506032,10.810722647382494,schedule
1507247,10.810040697698803,schedule
1508026,10.80978814207312,schedule
1508632,10.80876308956072,schedule
1509334,10.808732631916893,schedule
1510016,10.808627079234633,schedule
1510680,10.808369977527757,schedule
1511256,10.807444669952465,schedule
1511834,10.807404573042804,schedule
1512795,10.807177772323795,schedule
1513471,10.806553928107148,schedule
1514251,10.80621701953021,schedule
1515037,10.806216890390273,schedule
1515707,10.806088790317773,schedule
1516347,10.805574080644902,schedule
1517153,10.804011121285514,schedule
1517759,10.80092875517016,schedule
1518512,10.800203116514721,schedule
1519233,10.797244731484406,schedule
1519848,10.79498473934076,schedule
1520498,10.794230663265395,schedule
1521167,10.794009576103969,schedule
1521926,10.790514237154392,schedule
1523312,10.78966232478077,schedule
1523862,10.787549719684547,schedule
1524504,10.787450615708954,schedule
1525189,10.786329148104938,schedule
1525868,10.786075319138762,schedule
1526524,10.78565041566753,schedule
1527168,10.785629294867949,schedule
1527729,10.785629168671505,schedule
1528340,10.784593786818863,schedule
1528956,10.782062867677734,schedule
1529573,10.7759378472566,schedule
1530246,10.775290135034762,schedule
1530776,10.773287184058486,schedule
1531338,10.772999289374955,schedule
1531849,10.771807283572858,schedule
1532451,10.771074976710317,schedule
1533076,10.769967779138748,schedule
1533593,10.769259221427083,schedule
1534096,10.76416228162069,schedule
1534901,10.763620801095918,schedule
1535509,10.76182394975405,schedule
1536054,10.761237438539618,schedule
1536587,10.76068316478082,schedule
1537205,10.760367396422945,schedule
1537791,10.760044907708396,schedule
1538373,10.759905128422906,schedule
1539091,10.759014247000389,schedule
1539689,10.757118296202238,schedule
1540278,10.755871319226605,schedule
1540882,10.754506372766166,schedule
1541514,10.753546378256345,schedule
1542076,10.752736371120983,schedule
1542656,10.751577136319431,schedule
1543431,10.750177178258658,schedule
1543969,10.747203627171645,schedule
1544669,10.746630635800711,schedule
1545360,10.746409243014595,schedule
1545988,10.745645286400721,schedule
1546686,10.745284969263663,schedule
1547253,10.744061085849498,schedule
1547893,10.742277202951312,schedule
1549440,10.724496273914543,schedule
1550121,10.72428540599269,schedule
1550725,10.723713443329872,schedule
1551305,10.718330027173472,schedule
1551828,10.718245767472329,schedule
1552343,10.716909005507963,schedule
1552847,10.716356648934015,schedule
1586798,10.576145416444138,schedule
1603979,10.252372221901972,schedule
1604718,10.251760434713862,schedule
1606966,10.251759484212826,schedule
1607735,10.251596394794785,schedule
1608644,10.251371928268245,schedule
1609813,10.251258639418147,schedule
1612774,10.250142685967283,schedule
1614069,10.250110145853519,schedule
1615606,10.250096801491559,schedule
1616472,10.248876606721815,schedule
1618640,10.248214416136106,schedule
1619602,10.248196855272111,schedule
1620248,10.24778576707953,schedule
1620956,10.247031114059618,schedule
1621606,10.246836592964149,schedule
1622379,10.24657566474885,schedule
1623447,10.245529705625248,schedule
1624392,10.244210502005062,schedule
1625093,10.24296847021819,schedule
1626046,10.242763123997149,schedule
1626719,10.242438044110669,schedule
1627520,10.241903012949829,schedule
1628199,10.241285380932622,schedule
1628818,10.239048158271581,schedule
1629431,10.23801632444041,schedule
1630086,10.237853771212974,schedule
1630713,10.229976724519423,schedule
1631515,10.229935990444694,schedule
1632182,10.229904238861756,schedule
1633724,10.229835165140496,schedule
1634635,10.228260215468723,schedule
1635483,10.226501623297752,schedule
1636821,10.226342644512497,schedule
1637327,10.226062085816961,schedule
1637957,10.225767682783149,schedule
1638550,10.224824579569015,schedule
1639111,10.224726527965286,schedule
1639948,10.224685709758791,schedule
1640763,10.222359931607752,schedule
1641389,10.222266470112036,schedule
1642231,10.219614077472226,schedule
1642834,10.218968732180393,schedule
1643476,10.215549225427687,schedule
1644111,10.21546973394009,schedule
1644861,10.215282425128844,schedule
1645402,10.214723588883118,schedule
1645995,10.213788299946287,schedule
1646914,10.213297965854807,schedule
1647454,10.212609400261927,schedule
1647987,10.212199407194428,schedule
1649062,10.212160539224639,schedule
1649756,10.212035165970091,schedule
1650406,10.211987740318774,schedule
1650965,10.211544492175266,schedule
1651599,10.211473469456097,schedule
1652220,10.210952017138135,schedule
1652802,10.208176686519781,schedule
1654928,10.207695235973897,schedule
1655500,10.20758743195819,schedule
1656124,10.207014396537394,schedule
1656850,10.206637925072512,schedule
1657774,10.206570615781638,schedule
1658437,10.206093505924606,schedule
1659013,10.206006661998803,schedule
1659747,10.205664775471131,schedule
1660512,10.203890879472013,schedule
1661114,10.196589652832255,schedule
1661752,10.195397942502176,schedule
1662272,10.193930186202504,schedule
1662847,10.193663319074872,schedule
1663599,10.193556500942947,schedule
1664287,10.192454711880266,schedule
1664845,10.191837965746291,schedule
1665606,10.190823296573495,schedule
1666271,10.189393827838815,schedule
1667018,10.189049184599325,schedule
1667828,10.187361420043581,schedule
1668442,10.186855151632274,schedule
1669085,10.186737661968786,schedule
1669700,10.185250491731663,schedule
1670359,10.182580911220347,schedule
1670989,10.18240939320892,schedule
1671663,10.182136126732717,schedule
1672238,10.181952218398745,schedule
1672966,10.181547318051713,schedule
1673953,10.180269551072499,schedule
1674625,10.178277528984149,schedule
1675580,10.177801047086122,schedule
1676184,10.175996623292706,schedule
1676723,10.175851165573965,schedule
1677304,10.175851130955538,schedule
1678158,10.175478604886786,schedule
1678969,10.175457961108796,schedule
1679866,10.174278065276331,schedule
1680602,10.174038292986562,schedule
1681151,10.172940082343372,schedule
1681736,10.172599155467784,schedule
1682511,10.171415512030748,schedule
1683063,10.171178948806507,schedule
1683582,10.171049141415335,schedule
1684178,10.170957810145254,schedule
1684761,10.170784919075839,schedule
1685325,10.166006002576381,schedule
1685932,10.165349079293577,schedule
1686563,10.164631635277084,schedule
1687130,10.164630922311659,schedule
1687864,10.16389513285684,schedule
1688403,10.163639066627876,schedule
1689056,10.162940697354422,schedule
1689606,10.160860132817238,schedule
1690158,10.160846317570861,schedule
1690730,10.160763050540682,schedule
1691225,10.159385327676373,schedule
1691798,10.15938463945839,schedule
1692409,10.158986156555128,schedule
1693081,10.158952961521463,schedule
1693850,10.158492047415121,schedule
1694458,10.158070741755028,schedule
1695582,10.1580039873105,schedule
1696153,10.157984314346916,schedule
1696920,10.15795587537109,schedule
1697489,10.157718401143779,schedule
1698039,10.15746315741561,schedule
1698657,10.1573934196457,schedule
1699233,10.15733445011347,schedule
1699897,10.156559533446401,schedule
1700633,10.156534625298564,schedule
1701243,10.155354312184167,schedule
1736007,9.640293463984703,schedule
1752949,9.620601973850897,schedule
1774564,9.620601006954514,schedule
1775658,9.620447091110814,schedule
1778943,9.620172937783243,schedule
1779731,9.619746802254587,schedule
1781033,9.619690424299803,schedule
1782612,9.61965070150089,schedule
1783416,9.619471667914626,schedule
1784218,9.618139334765665,schedule
1785858,9.617724679448047,schedule
1803920,9.612262167711373,schedule
1819619,9.61021210914078,schedule
